{
    "Labels": {
        "LabelList": [ "Bump", "Column", "Dent", "Fence", "Creature", "Vehicle", "Wall", "Weed", "Traffic Cone" ],
        "LabelNumber": 9
    },
    "COIs": {
        "COINumber": 22,
        "1": [ "rectangle", 0.25943396226415094339622641509434, 0.41666666666666666666666666666667, 0.08018867924528301886792452830189, 0.14166666666666666666666666666667 ],
        "2": [ "rectangle", 0.33962264150943396226415094339623, 0.41666666666666666666666666666667, 0.08018867924528301886792452830189, 0.14166666666666666666666666666667 ],
        "3": [ "rectangle", 0.41981132075471698113207547169811, 0.41666666666666666666666666666667, 0.08018867924528301886792452830189, 0.14166666666666666666666666666667 ],
        "4": [ "rectangle", 0.5, 0.41666666666666666666666666666667, 0.08018867924528301886792452830189, 0.14166666666666666666666666666667 ],
        "5": [ "rectangle", 0.58018867924528301886792452830189, 0.41666666666666666666666666666667, 0.08018867924528301886792452830189, 0.14166666666666666666666666666667 ],
        "6": [ "rectangle", 0.66037735849056603773584905660377, 0.41666666666666666666666666666667, 0.08018867924528301886792452830189, 0.14166666666666666666666666666667 ],
        "7": [ "rectangle", 0, 0.55833333333333333333333333333333, 0.125, 0.22083333333333333333333333333333 ],
        "8": [ "rectangle", 0.125, 0.55833333333333333333333333333333, 0.125, 0.22083333333333333333333333333333 ],
        "9": [ "rectangle", 0.25, 0.55833333333333333333333333333333, 0.125, 0.22083333333333333333333333333333 ],
        "10": [ "rectangle", 0.375, 0.55833333333333333333333333333333, 0.125, 0.22083333333333333333333333333333 ],
        "11": [ "rectangle", 0.5, 0.55833333333333333333333333333333, 0.125, 0.22083333333333333333333333333333 ],
        "12": [ "rectangle", 0.625, 0.55833333333333333333333333333333, 0.125, 0.22083333333333333333333333333333 ],
        "13": [ "rectangle", 0.75, 0.55833333333333333333333333333333, 0.125, 0.22083333333333333333333333333333 ],
        "14": [ "rectangle", 0.875, 0.55833333333333333333333333333333, 0.125, 0.22083333333333333333333333333333 ],
        "15": [ "rectangle", 0, 0.77916666666666666666666666666667, 0.125, 0.22083333333333333333333333333333 ],
        "16": [ "rectangle", 0.125, 0.77916666666666666666666666666667, 0.125, 0.22083333333333333333333333333333 ],
        "17": [ "rectangle", 0.25, 0.77916666666666666666666666666667, 0.125, 0.22083333333333333333333333333333 ],
        "18": [ "rectangle", 0.375, 0.77916666666666666666666666666667, 0.125, 0.22083333333333333333333333333333 ],
        "19": [ "rectangle", 0.5, 0.77916666666666666666666666666667, 0.125, 0.22083333333333333333333333333333 ],
        "20": [ "rectangle", 0.625, 0.77916666666666666666666666666667, 0.125, 0.22083333333333333333333333333333 ],
        "21": [ "rectangle", 0.75, 0.77916666666666666666666666666667, 0.125, 0.22083333333333333333333333333333 ],
        "22": [ "rectangle", 0.875, 0.77916666666666666666666666666667, 0.125, 0.22083333333333333333333333333333 ]

    }
} 