{
  "Labels": {
    "LabelList": [ "Cart", "Equipment", "Box", "Wall", "Human", ],
    "LabelAbbreviation": [ "Ca", "Eq", "Bo", "Wa", "Hu" ],
    "LabelNumber": 5
  },
  "COIs": {
    "COINumber": 20,
    "1": [ "polygon", 0.46484375, 0.5375, 0.540625, 0.5375, 0.540625, 0.56666666666, 0.453125, 0.56666666666 ],
    "2": [ "polygon", 0.540625, 0.5375, 0.6171875, 0.5375, 0.6296875, 0.56666666666, 0.540625, 0.56666666666 ],
    "3": [ "polygon", 0.453125, 0.56666666666, 0.540625, 0.56666666666, 0.5421875, 0.6013888888, 0.4359375, 0.6013888888 ],
    "4": [ "polygon", 0.540625, 0.56666666666, 0.6296875, 0.56666666666, 0.64765625, 0.6013888888, 0.5421875, 0.6013888888 ],
    "5": [ "polygon", 0.3296875, 0.6013888888, 0.4359375, 0.6013888888, 0.4125, 0.6555555555, 0.28046875, 0.6555555555 ],
    "6": [ "polygon", 0.4359375, 0.6013888888, 0.5421875, 0.6013888888, 0.54375, 0.6555555555, 0.4125, 0.6555555555 ],
    "7": [ "polygon", 0.5421875, 0.6013888888, 0.64765625, 0.6013888888, 0.6734375, 0.654166666, 0.54375, 0.6555555555 ],
    "8": [ "polygon", 0.64765625, 0.6013888888, 0.75234375, 0.6, 0.803125, 0.6527777777, 0.6734375, 0.654166666 ],
    "9": [ "polygon", 0.28046875, 0.6555555555, 0.4125, 0.6555555555, 0.371875, 0.744444444, 0.19921875, 0.744444444 ],
    "10": [ "polygon", 0.4125, 0.6555555555, 0.54375, 0.6555555555, 0.5453125, 0.741666666, 0.371875, 0.744444444 ],
    "11": [ "polygon", 0.54375, 0.6555555555, 0.6734375, 0.6555555555, 0.71640625, 0.7402777777, 0.5453125, 0.741666666 ],
    "12": [ "polygon", 0.6734375, 0.6555555555, 0.803125, 0.6527777777, 0.8859375, 0.7388888888, 0.71640625, 0.7402777777 ],
    "13": [ "polygon", 0.19921875, 0.744444444, 0.371875, 0.744444444, 0.296875, 0.911111111, 0.0453125, 0.911111111 ],
    "14": [ "polygon", 0.371875, 0.744444444, 0.5453125, 0.741666666, 0.5484375, 0.9097222222, 0.296875, 0.911111111 ],
    "15": [ "polygon", 0.5453125, 0.741666666, 0.71640625, 0.7402777777, 0.79765625, 0.9083333333, 0.5484375, 0.9097222222 ],
    "16": [ "polygon", 0.71640625, 0.7402777777, 0.8859375, 0.7388888888, 1, 0.861111111, 1, 0.9083333333, 0.79765625, 0.9083333333 ],
    "17": [ "polygon", 0.0453125, 0.911111111, 0.296875, 0.911111111, 0.2578125, 1, 0, 1, 0, 0.958333333 ],
    "18": [ "polygon", 0.296875, 0.911111111, 0.5484375, 0.9097222222, 0.55, 1, 0.2578125, 1 ],
    "19": [ "polygon", 0.5484375, 0.9097222222, 0.79765625, 0.9083333333, 0.8390625720, 1, 0.55, 1 ],
    "20": [ "polygon", 0.79765625, 0.9083333333, 1, 0.9083333333, 1, 1, 0.8390625720, 1 ]
  }
} 
