{
    "Labels": {
        "LabelList": [ "Bump", "Column", "Dent", "Fence", "Creature", "Vehicle", "Wall", "Weed", "ZebraCrossing", "TrafficCone", "TrafficSign" ],
        "LabelAbbreviation": [ "Bp", "Cn", "Dt", "Fe", "Ce", "Ve", "Wl", "Wd", "ZC", "TC", "TS" ],
        "LabelNumber": 11
    },
    "COIs": {
        "COINumber": 104,
        "1": [ "rectangle", 0.33962264150943396226415094339623, 0.34583333, 0.04009433962264150943396226415094, 0.07083333333333333333333333333333 ],
        "2": [ "rectangle", 0.37971698113207547169811320754717, 0.34583333, 0.04009433962264150943396226415094, 0.07083333333333333333333333333333 ],
        "3": [ "rectangle", 0.41981132075471698113207547169811, 0.34583333, 0.04009433962264150943396226415094, 0.07083333333333333333333333333333 ],
        "4": [ "rectangle", 0.45990566037735849056603773584906, 0.34583333, 0.04009433962264150943396226415094, 0.07083333333333333333333333333333 ],
        "5": [ "rectangle", 0.5, 0.34583333, 0.04009433962264150943396226415094, 0.07083333333333333333333333333333 ],
        "6": [ "rectangle", 0.54009433962264150943396226415094, 0.34583333, 0.04009433962264150943396226415094, 0.07083333333333333333333333333333 ],
        "7": [ "rectangle", 0.58018867924528301886792452830189, 0.34583333, 0.04009433962264150943396226415094, 0.07083333333333333333333333333333 ],
        "8": [ "rectangle", 0.62028301886792452830188679245283, 0.34583333, 0.04009433962264150943396226415094, 0.07083333333333333333333333333333 ],

        "9": [ "rectangle", 0.25943396226415094339622641509434, 0.41666666666666666666666666666667, 0.04009433962264150943396226415094, 0.07083333333333333333333333333333 ],
        "10": [ "rectangle", 0.29952830188679245283018867924528, 0.41666666666666666666666666666667, 0.04009433962264150943396226415094, 0.07083333333333333333333333333333 ],
        "11": [ "rectangle", 0.33962264150943396226415094339623, 0.41666666666666666666666666666667, 0.04009433962264150943396226415094, 0.07083333333333333333333333333333 ],
        "12": [ "rectangle", 0.37971698113207547169811320754717, 0.41666666666666666666666666666667, 0.04009433962264150943396226415094, 0.07083333333333333333333333333333 ],
        "13": [ "rectangle", 0.41981132075471698113207547169811, 0.41666666666666666666666666666667, 0.04009433962264150943396226415094, 0.07083333333333333333333333333333 ],
        "14": [ "rectangle", 0.45990566037735849056603773584906, 0.41666666666666666666666666666667, 0.04009433962264150943396226415094, 0.07083333333333333333333333333333 ],
        "15": [ "rectangle", 0.5, 0.41666666666666666666666666666667, 0.04009433962264150943396226415094, 0.07083333333333333333333333333333 ],
        "16": [ "rectangle", 0.54009433962264150943396226415094, 0.41666666666666666666666666666667, 0.04009433962264150943396226415094, 0.07083333333333333333333333333333 ],
        "17": [ "rectangle", 0.58018867924528301886792452830189, 0.41666666666666666666666666666667, 0.04009433962264150943396226415094, 0.07083333333333333333333333333333 ],
        "18": [ "rectangle", 0.62028301886792452830188679245283, 0.41666666666666666666666666666667, 0.04009433962264150943396226415094, 0.07083333333333333333333333333333 ],
        "19": [ "rectangle", 0.66037735849056603773584905660377, 0.41666666666666666666666666666667, 0.04009433962264150943396226415094, 0.07083333333333333333333333333333 ],
        "20": [ "rectangle", 0.70047169811320754716981132075472, 0.41666666666666666666666666666667, 0.04009433962264150943396226415094, 0.07083333333333333333333333333333 ],
        "21": [ "rectangle", 0.25943396226415094339622641509434, 0.4875, 0.04009433962264150943396226415094, 0.07083333333333333333333333333333 ],
        "22": [ "rectangle", 0.29952830188679245283018867924528, 0.4875, 0.04009433962264150943396226415094, 0.07083333333333333333333333333333 ],
        "23": [ "rectangle", 0.33962264150943396226415094339623, 0.4875, 0.04009433962264150943396226415094, 0.07083333333333333333333333333333 ],
        "24": [ "rectangle", 0.37971698113207547169811320754717, 0.4875, 0.04009433962264150943396226415094, 0.07083333333333333333333333333333 ],
        "25": [ "rectangle", 0.41981132075471698113207547169811, 0.4875, 0.04009433962264150943396226415094, 0.07083333333333333333333333333333 ],
        "26": [ "rectangle", 0.45990566037735849056603773584906, 0.4875, 0.04009433962264150943396226415094, 0.07083333333333333333333333333333 ],
        "27": [ "rectangle", 0.5, 0.4875, 0.04009433962264150943396226415094, 0.07083333333333333333333333333333 ],
        "28": [ "rectangle", 0.54009433962264150943396226415094, 0.4875, 0.04009433962264150943396226415094, 0.07083333333333333333333333333333 ],
        "29": [ "rectangle", 0.58018867924528301886792452830189, 0.4875, 0.04009433962264150943396226415094, 0.07083333333333333333333333333333 ],
        "30": [ "rectangle", 0.62028301886792452830188679245283, 0.4875, 0.04009433962264150943396226415094, 0.07083333333333333333333333333333 ],
        "31": [ "rectangle", 0.66037735849056603773584905660377, 0.4875, 0.04009433962264150943396226415094, 0.07083333333333333333333333333333 ],
        "32": [ "rectangle", 0.70047169811320754716981132075472, 0.4875, 0.04009433962264150943396226415094, 0.07083333333333333333333333333333 ],

        "33": [ "rectangle", 0, 0.55833333333333333333333333333333, 0.0625, 0.11041666666666666666666666666667 ],
        "34": [ "rectangle", 0.0625, 0.55833333333333333333333333333333, 0.0625, 0.11041666666666666666666666666667 ],
        "35": [ "rectangle", 0.125, 0.55833333333333333333333333333333, 0.0625, 0.11041666666666666666666666666667 ],
        "36": [ "rectangle", 0.1875, 0.55833333333333333333333333333333, 0.0625, 0.11041666666666666666666666666667 ],
        "37": [ "rectangle", 0.25, 0.55833333333333333333333333333333, 0.0625, 0.11041666666666666666666666666667 ],
        "38": [ "rectangle", 0.3125, 0.55833333333333333333333333333333, 0.0625, 0.11041666666666666666666666666667 ],
        "39": [ "rectangle", 0.375, 0.55833333333333333333333333333333, 0.0625, 0.11041666666666666666666666666667 ],
        "40": [ "rectangle", 0.4375, 0.55833333333333333333333333333333, 0.0625, 0.11041666666666666666666666666667 ],
        "41": [ "rectangle", 0.5, 0.55833333333333333333333333333333, 0.0625, 0.11041666666666666666666666666667 ],
        "42": [ "rectangle", 0.5625, 0.55833333333333333333333333333333, 0.0625, 0.11041666666666666666666666666667 ],
        "43": [ "rectangle", 0.625, 0.55833333333333333333333333333333, 0.0625, 0.11041666666666666666666666666667 ],
        "44": [ "rectangle", 0.6875, 0.55833333333333333333333333333333, 0.0625, 0.11041666666666666666666666666667 ],
        "45": [ "rectangle", 0.75, 0.55833333333333333333333333333333, 0.0625, 0.11041666666666666666666666666667 ],
        "46": [ "rectangle", 0.8125, 0.55833333333333333333333333333333, 0.0625, 0.11041666666666666666666666666667 ],
        "47": [ "rectangle", 0.875, 0.55833333333333333333333333333333, 0.0625, 0.11041666666666666666666666666667 ],
        "48": [ "rectangle", 0.9375, 0.55833333333333333333333333333333, 0.0625, 0.11041666666666666666666666666667 ],

        "49": [ "rectangle", 0, 0.66875, 0.0625, 0.11041666666666666666666666666667 ],
        "50": [ "rectangle", 0.0625, 0.66875, 0.0625, 0.11041666666666666666666666666667 ],
        "51": [ "rectangle", 0.125, 0.66875, 0.0625, 0.11041666666666666666666666666667 ],
        "52": [ "rectangle", 0.1875, 0.66875, 0.0625, 0.11041666666666666666666666666667 ],
        "53": [ "rectangle", 0.25, 0.66875, 0.0625, 0.11041666666666666666666666666667 ],
        "54": [ "rectangle", 0.3125, 0.66875, 0.0625, 0.11041666666666666666666666666667 ],
        "55": [ "rectangle", 0.375, 0.66875, 0.0625, 0.11041666666666666666666666666667 ],
        "56": [ "rectangle", 0.4375, 0.66875, 0.0625, 0.11041666666666666666666666666667 ],