{
  "Labels": {
    "LabelList": [ "Equipment", "Box", "Wall", "Human"],
    "LabelAbbreviation": [ "E", "B", "W", "H" ],
    "LabelNumber": 4
  },
  "COIs": {
    "COINumber": 114,
    "1": [ "polygon",0,0.504872962,0.070372599,0.504872962,0,0.53031721 ],
    "2": [ "polygon",0.070372599,0.504872962,0.146487608,0.504872962,0.085219092,0.531456002,0,0.531456002,0,0.53031721 ],
    "3": [ "polygon",0.146487608,0.504872962,0.222602618,0.504872962,0.173587805,0.531456002,0.085219092,0.531456002 ],
    "4": [ "polygon",0.222602618,0.504872962,0.260660123,0.504872962,0.217772162,0.531456002,0.173587805,0.531456002 ],
    "5": [ "polygon",0.260660123,0.504872962,0.298717628,0.504872962,0.261956518,0.531456002,0.217772162,0.531456002 ],
    "6": [ "polygon",0.298717628,0.504872962,0.336775133,0.504872962,0.306140875,0.531456002,0.261956518,0.531456002 ],
    "7": [ "polygon",0.336775133,0.504872962,0.374832638,0.504872962,0.350325231,0.531456002,0.306140875,0.531456002 ],
    "8": [ "polygon",0.374832638,0.504872962,0.412890142,0.504872962,0.394509588,0.531456002,0.350325231,0.531456002 ],
    "9": [ "polygon",0.412890142,0.504872962,0.450947647,0.504872962,0.438693944,0.531456002,0.394509588,0.531456002 ],
    "10": [ "polygon",0.450947647,0.504872962,0.489005152,0.504872962,0.482878301,0.531456002,0.438693944,0.531456002 ],
    "11": [ "polygon",0.489005152,0.504872962,0.527062657,0.504872962,0.527062657,0.531456002,0.482878301,0.531456002 ],
    "12": [ "polygon",0.527062657,0.504872962,0.565120162,0.504872962,0.571247014,0.531456002,0.527062657,0.531456002 ],
    "13": [ "polygon",0.565120162,0.504872962,0.603177667,0.504872962,0.61543137,0.531456002,0.571247014,0.531456002 ],
    "14": [ "polygon",0.603177667,0.504872962,0.641235172,0.504872962,0.659615727,0.531456002,0.61543137,0.531456002 ],
    "15": [ "polygon",0.641235172,0.504872962,0.679292676,0.504872962,0.703800083,0.531456002,0.659615727,0.531456002 ],
    "16": [ "polygon",0.679292676,0.504872962,0.717350181,0.504872962,0.747984439,0.531456002,0.703800083,0.531456002 ],
    "17": [ "polygon",0.717350181,0.504872962,0.755407686,0.504872962,0.792168796,0.531456002,0.747984439,0.531456002 ],
    "18": [ "polygon",0.755407686,0.504872962,0.793465191,0.504872962,0.836353152,0.531456002,0.792168796,0.531456002 ],
    "19": [ "polygon",0.793465191,0.504872962,0.831522696,0.504872962,0.880537509,0.531456002,0.836353152,0.531456002 ],
    "20": [ "polygon",0.831522696,0.504872962,0.907637706,0.504872962,0.968906222,0.531456002,0.880537509,0.531456002 ],
    "21": [ "polygon",0.907637706,0.504872962,0.983752715,0.504872962,1,0.510747407,1,0.531456002,0.968906222,0.531456002 ],

    "22": [ "polygon",0,0.531456002,0.085219092,0.531456002,0.000438178,0.568240547,0,0.568240547 ],
    "23": [ "polygon",0.085219092,0.531456002,0.173587805,0.531456002,0.105763074,0.568240547,0.000438178,0.568240547 ],
    "24": [ "polygon",0.173587805,0.531456002,0.217772162,0.531456002,0.158425522,0.568240547,0.105763074,0.568240547 ],
    "25": [ "polygon",0.217772162,0.531456002,0.261956518,0.531456002,0.21108797,0.568240547,0.158425522,0.568240547 ],
    "26": [ "polygon",0.261956518,0.531456002,0.306140875,0.531456002,0.263750418,0.568240547,0.21108797,0.568240547 ],
    "27": [ "polygon",0.306140875,0.531456002,0.350325231,0.531456002,0.316412866,0.568240547,0.263750418,0.568240547 ],
    "28": [ "polygon",0.350325231,0.531456002,0.394509588,0.531456002,0.369075313,0.568240547,0.316412866,0.568240547 ],
    "29": [ "polygon",0.394509588,0.531456002,0.438693944,0.531456002,0.421737761,0.568240547,0.369075313,0.568240547 ],
    "30": [ "polygon",0.438693944,0.531456002,0.482878301,0.531456002,0.474400209,0.568240547,0.421737761,0.568240547 ],
    "31": [ "polygon",0.482878301,0.531456002,0.527062657,0.531456002,0.527062657,0.568240547,0.474400209,0.568240547 ],
    "32": [ "polygon",0.527062657,0.531456002,0.571247014,0.531456002,0.579725105,0.568240547,0.527062657,0.568240547 ],
    "33": [ "polygon",0.571247014,0.531456002,0.61543137,0.531456002,0.632387553,0.568240547,0.579725105,0.568240547 ],
    "34": [ "polygon",0.61543137,0.531456002,0.659615727,0.531456002,0.685050001,0.568240547,0.632387553,0.568240547 ],
    "35": [ "polygon",0.659615727,0.531456002,0.703800083,0.531456002,0.737712449,0.568240547,0.685050001,0.568240547 ],
    "36": [ "polygon",0.703800083,0.531456002,0.747984439,0.531456002,0.790374896,0.568240547,0.737712449,0.568240547 ],
    "37": [ "polygon",0.747984439,0.531456002,0.792168796,0.531456002,0.843037344,0.568240547,0.790374896,0.568240547 ],
    "38": [ "polygon",0.792168796,0.531456002,0.836353152,0.531456002,0.895699792,0.568240547,0.843037344,0.568240547 ],
    "39": [ "polygon",0.836353152,0.531456002,0.880537509,0.531456002,0.94836224,0.568240547,0.895699792,0.568240547 ],
    "40": [ "polygon",0.880537509,0.531456002,0.968906222,0.531456002,1,0.544946898,1,0.568240547,0.94836224,0.568240547 ],

    "41": [ "polygon",0.000438178,0.568240547,0.105763074,0.568240547,0.00572975,0.622493327,0,0.622493327,0,0.568430663 ],
    "42": [ "polygon",0.105763074,0.568240547,0.158425522,0.568240547,0.070896364,0.622493327,0.00572975,0.622493327 ],
    "43": [ "polygon",0.158425522,0.568240547,0.21108797,0.568240547,0.136062977,0.622493327,0.070896364,0.622493327 ],
    "44": [ "polygon",0.21108797,0.568240547,0.263750418,0.568240547,0.20122959,0.622493327,0.136062977,0.622493327 ],
    "45": [ "polygon",0.263750418,0.568240547,0.316412866,0.568240547,0.266396204,0.622493327,0.20122959,0.622493327 ],
    "46": [ "polygon",0.316412866,0.568240547,0.369075313,0.568240547,0.331562817,0.622493327,0.266396204,0.622493327 ],
    "47": [ "polygon",0.369075313,0.568240547,0.421737761,0.568240547,0.39672943,0.622493327,0.331562817,0.622493327 ],
    "48": [ "polygon",0.421737761,0.568240547,0.474400209,0.568240547,0.461896044,0.622493327,0.39672943,0.622493327 ],
    "49": [ "polygon",0.474400209,0.568240547,0.527062657,0.568240547,0.527062657,0.622493327,0.461896044,0.622493327 ],
    "50": [ "polygon",0.527062657,0.568240547,0.579725105,0.568240547,0.59222927,0.622493327,0.527062657,0.622493327 ],
    "51": [ "polygon",0.579725105,0.568240547,0.632387553,0.568240547,0.657395884,0.622493327,0.59222927,0.622493327 ],
    "52": [ "polygon",0.632387553,0.568240547,0.685050001,0.568240547,0.722562497,0.622493327,0.657395884,0.622493327 ],
    "53": [ "polygon",0.685050001,0.568240547,0.737712449,0.568240547,0.78772911,0.622493327,0.722562497,0.622493327 ],
    "54": [ "polygon",0.737712449,0.568240547,0.790374896,0.568240547,0.852895724,0.622493327,0.78772911,0.622493327 ],
    "55": [ "polygon",0.790374896,0.568240547,0.843037344,0.568240547,0.918062337,0.622493327,0.852895724,0.622493327 ],
    "56": [ "polygon",0.843037344,0.568240547,0.895699792,0.568240547,0.98322895,0.622493327,0.918062337,0.622493327 ],
    "57": [ "polygon",0.895699792,0.568240547,0.94836224,0.568240547,1,0.596246135,1,0.622493327,0.98322895,0.622493327 ],

    "58": [ "polygon",0.00572975,0.622493327,0.070896364,0.622493327,0.009444802,0.660582556,0,0.660582556,0,0.625600841 ],
    "59": [ "polygon",0.070896364,0.622493327,0.136062977,0.622493327,0.08339021,0.660582556,0.009444802,0.660582556 ],
    "60": [ "polygon",0.136062977,0.622493327,0.20122959,0.622493327,0.157335618,0.660582556,0.08339021,0.660582556 ],
    "61": [ "polygon",0.20122959,0.622493327,0.266396204,0.622493327,0.231281026,0.660582556,0.157335618,0.660582556 ],
    "62": [ "polygon",0.266396204,0.622493327,0.331562817,0.622493327,0.305226434,0.660582556,0.231281026,0.660582556 ],
    "63": [ "polygon",0.331562817,0.622493327,0.39672943,0.622493327,0.379171841,0.660582556,0.305226434,0.660582556 ],
    "64": [ "polygon",0.39672943,0.622493327,0.461896044,0.622493327,0.453117249,0.660582556,0.379171841,0.660582556 ],
    "65": [ "polygon",0.461896044,0.622493327,0.527062657,0.622493327,0.527062657,0.660582556,0.453117249,0.660582556 ],